group_name,etfs,n_long,n_short,spread_pct,mom0_cagr,mom0_sharpe,mom0_maxdd,mom_cagr,mom_sharpe,mom_maxdd,bh_cagr,bh_sharpe,bh_maxdd,days
plan_b-A-n6,"SPY,EFA,IYR,EEM,TLT,IEF,USO,GLD,UUP,FXE,DBC,TIP,SLV",6,1,0.15,8.689466213434782,0.7095855939507101,-22.30795314129529,7.748406483024395,0.6420147281357179,-22.525316100355642,5.111586201506757,0.5399933422014298,-32.47006502716863,5067
plan_b-B-sw01,"SPY,EFA,IYR,EEM,TLT,IEF,USO,GLD,UUP,FXE,DBC,TIP,SLV",4,1,0.15,10.082773494514917,0.7069288654127271,-30.158078553847865,9.10836964837567,0.6484157966530085,-30.92964088613416,5.111586895505726,0.5399935037897026,-32.470069735050714,5067
plan_b-B-sw04,"SPY,EFA,IYR,EEM,TLT,IEF,USO,GLD,UUP,FXE,DBC,TIP,SLV",4,1,0.15,10.25884629332654,0.6356397761644779,-35.87129684035876,8.925718996167165,0.5674843462153123,-36.95955497944654,5.111586606826424,0.5399933172904045,-32.470070250809414,5067
plan_b-B-sw005,"SPY,EFA,IYR,EEM,TLT,IEF,USO,GLD,UUP,FXE,DBC,TIP,SLV",4,1,0.15,9.941348784097869,0.7025264884837092,-29.600366842301497,9.026283257596578,0.6471209776387795,-30.33103792032873,5.111586529481316,0.5399932043797567,-32.47007237067411,5067
plan_b-A-n5,"SPY,EFA,IYR,EEM,TLT,IEF,USO,GLD,UUP,FXE,DBC,TIP,SLV",5,1,0.15,8.837230661630935,0.6700323118782983,-25.799733982991192,7.837984018653366,0.6045045280328427,-26.531178910617072,5.111586376512878,0.5399933500323033,-32.47008132475877,5067
plan_b-B-sw0,"SPY,EFA,IYR,EEM,TLT,IEF,USO,GLD,UUP,FXE,DBC,TIP,SLV",4,0,0.15,9.825741926756626,0.6958130051202424,-29.118478562386507,8.969689106219336,0.6439322441325132,-29.80674892638271,5.111586819567782,0.5399933513896966,-32.47006904871349,5067
plan_b-A-n1,"SPY,EFA,IYR,EEM,TLT,IEF,USO,GLD,UUP,FXE,DBC,TIP,SLV",1,1,0.15,9.058635425873685,0.45197881249423605,-57.4334917444967,7.202624413852998,0.3910274812354654,-58.4320151434367,5.111586318501349,0.5399931272320927,-32.47008285950783,5067
plan_b-C-ct06,"SPY,EFA,IYR,EEM,TLT,IEF,USO,GLD,UUP,FXE,DBC,TIP,SLV",4,1,0.15,9.880042394874922,0.6720073782522312,-31.218956800244268,8.699022164420178,0.6039002027671097,-32.070657005252315,5.111586423974024,0.5399933477369875,-32.47007486734299,5067
plan_b-A-n3,"SPY,EFA,IYR,EEM,TLT,IEF,USO,GLD,UUP,FXE,DBC,TIP,SLV",3,1,0.15,10.961267860604806,0.6721380335410047,-39.95403560465459,9.697283099097941,0.6078173047018397,-40.652984254306986,5.111586178207417,0.539993160491254,-32.47006906215108,5067
plan_b-A-n4,"SPY,EFA,IYR,EEM,TLT,IEF,USO,GLD,UUP,FXE,DBC,TIP,SLV",4,1,0.15,10.182781724375744,0.69412852278274,-31.449724191816497,9.091139165086837,0.6307977634580648,-32.29856996178751,5.111586892411002,0.5399934394527683,-32.47006256984349,5067
plan_b-B-sw02,"SPY,EFA,IYR,EEM,TLT,IEF,USO,GLD,UUP,FXE,DBC,TIP,SLV",4,1,0.15,10.26990251249913,0.6992211801654209,-31.449781414914955,9.177397344907167,0.6358871020999853,-32.29862647630258,5.111587015047037,0.539993262071889,-32.47006900998953,5067
plan_b-A-n2,"SPY,EFA,IYR,EEM,TLT,IEF,USO,GLD,UUP,FXE,DBC,TIP,SLV",2,1,0.15,8.805648967850232,0.49917574277136934,-48.25743174790102,7.279565878609029,0.43392572901187676,-49.71281821561714,5.111586655079381,0.539993326031014,-32.47006571181254,5067
plan_b-B-sw03,"SPY,EFA,IYR,EEM,TLT,IEF,USO,GLD,UUP,FXE,DBC,TIP,SLV",4,1,0.15,10.255896869928716,0.669323011859351,-33.031383007510506,9.044475220962877,0.6028715872497868,-33.976909002060474,5.111586628499509,0.5399934296676617,-32.47006558290432,5067
plan_b-B-sw05,"SPY,EFA,IYR,EEM,TLT,IEF,USO,GLD,UUP,FXE,DBC,TIP,SLV",4,1,0.15,10.191805561905753,0.5982223562655498,-38.838137799269425,8.738001306212695,0.5295096966126047,-39.97533740472276,5.111586419437875,0.5399931883962039,-32.47008011602611,5067
plan_b-C-ct09,"SPY,EFA,IYR,EEM,TLT,IEF,USO,GLD,UUP,FXE,DBC,TIP,SLV",4,1,0.15,10.17592807603933,0.6930144418428557,-34.75745175487132,9.075272214453655,0.6292126876619591,-35.56531524748725,5.111586895505726,0.5399935037897026,-32.470069735050714,5067
plan_b-C-ct10,"SPY,EFA,IYR,EEM,TLT,IEF,USO,GLD,UUP,FXE,DBC,TIP,SLV",4,1,0.15,10.18278171478848,0.6941281954963748,-31.44979366157208,9.09113915559454,0.6307974754207676,-32.298638571311635,5.111586606826424,0.5399933172904045,-32.470070250809414,5067
plan_b-C-ct08,"SPY,EFA,IYR,EEM,TLT,IEF,USO,GLD,UUP,FXE,DBC,TIP,SLV",4,1,0.15,9.961769063101888,0.6784346556456744,-34.029037088493254,8.84149075838938,0.6136429210680991,-34.8459201493554,5.111586201506757,0.5399933422014298,-32.47006502716863,5067
plan_b-D-mom63,"SPY,EFA,IYR,EEM,TLT,IEF,USO,GLD,UUP,FXE,DBC,TIP,SLV",4,1,0.15,8.701398131147965,0.5977737285164445,-44.90931339451579,7.074424513436273,0.5040731382368514,-49.5186878646548,5.4082697190716456,0.5600623271300113,-33.10247946355872,5067
plan_b-C-ct15,"SPY,EFA,IYR,EEM,TLT,IEF,USO,GLD,UUP,FXE,DBC,TIP,SLV",4,1,0.15,9.2633924346611,0.6514816552023444,-31.13840522971091,8.26377616902585,0.5918289821927118,-31.878687406539928,5.111586819567782,0.5399933513896966,-32.47006904871349,5067
plan_b-C-ct11,"SPY,EFA,IYR,EEM,TLT,IEF,USO,GLD,UUP,FXE,DBC,TIP,SLV",4,1,0.15,9.812348062803643,0.6724149124693343,-31.449776303890186,8.735243198491238,0.60977077100822,-32.2986214285667,5.111586529481316,0.5399932043797567,-32.47007237067411,5067
plan_b-D-mom252,"SPY,EFA,IYR,EEM,TLT,IEF,USO,GLD,UUP,FXE,DBC,TIP,SLV",4,1,0.15,7.427170583162757,0.5298008080278329,-41.69803312213026,6.545466895547447,0.4778845123154743,-41.74175959728864,5.111586892411002,0.5399934394527683,-32.47006256984349,5067
plan_b-C-ct12,"SPY,EFA,IYR,EEM,TLT,IEF,USO,GLD,UUP,FXE,DBC,TIP,SLV",4,1,0.15,10.101136282686806,0.6911095754840273,-31.449800549554453,9.042994713489815,0.6294924444751355,-32.298645374001275,5.111586376512878,0.5399933500323033,-32.47008132475877,5067
plan_b-D-mom189,"SPY,EFA,IYR,EEM,TLT,IEF,USO,GLD,UUP,FXE,DBC,TIP,SLV",4,1,0.15,9.199272118570324,0.6382426375408172,-34.397634990268386,8.173960151756221,0.5780806981884916,-34.712024749912395,5.078672963839659,0.5442478280194076,-31.059776721468314,5067
plan_b-D-mom63-252,"SPY,EFA,IYR,EEM,TLT,IEF,USO,GLD,UUP,FXE,DBC,TIP,SLV",4,1,0.15,9.07279185222938,0.632131321788712,-30.31537810577327,7.985844783134954,0.5680821197480403,-30.929733976256447,5.111587015047037,0.539993262071889,-32.47006900998953,5067
plan_b-D-mom126,"SPY,EFA,IYR,EEM,TLT,IEF,USO,GLD,UUP,FXE,DBC,TIP,SLV",4,1,0.15,13.310777760343374,0.8692847487825207,-26.88337461567636,12.085824433592162,0.8000039689459277,-27.047804766587504,5.5869887648139605,0.5727226267880415,-32.758885819862584,5067
plan_b-D-mom63-126,"SPY,EFA,IYR,EEM,TLT,IEF,USO,GLD,UUP,FXE,DBC,TIP,SLV",4,1,0.15,12.250010939364664,0.8010709545260095,-25.083790550074436,10.929548976843817,0.7268667699794199,-28.74463090490591,5.586989449918112,0.5727226988533627,-32.75887270088752,5067
plan_b-D-mom63-126-252,"SPY,EFA,IYR,EEM,TLT,IEF,USO,GLD,UUP,FXE,DBC,TIP,SLV",4,1,0.15,10.323948455778575,0.7021053117330042,-27.857809887716932,9.246346927764604,0.6397502097684287,-28.203565116144567,5.111586628499509,0.5399934296676617,-32.47006558290432,5067
plan_b-D-mom21-63-126-189-252,"SPY,EFA,IYR,EEM,TLT,IEF,USO,GLD,UUP,FXE,DBC,TIP,SLV",4,1,0.15,10.18278171478848,0.6941281954963748,-31.44979366157208,9.09113915559454,0.6307974754207676,-32.298638571311635,5.111586606826424,0.5399933172904045,-32.470070250809414,5067
plan_b-D-mom63-126-189-252,"SPY,EFA,IYR,EEM,TLT,IEF,USO,GLD,UUP,FXE,DBC,TIP,SLV",4,1,0.15,10.018977605209045,0.6831973291969101,-31.71349388015531,9.061459712382103,0.6277577622652386,-32.45776770112377,5.111586419437875,0.5399931883962039,-32.47008011602611,5067
plan_b-E-c10-250,"SPY,EFA,IYR,EEM,TLT,IEF,USO,GLD,UUP,FXE,DBC,TIP,SLV",4,1,0.15,10.18277883235752,0.6941281851280778,-31.44978254825219,9.091136301721425,0.6307974449970586,-32.29862759560581,5.111586318501349,0.5399931272320927,-32.47008285950783,5067
plan_b-E-c15-250,"SPY,EFA,IYR,EEM,TLT,IEF,USO,GLD,UUP,FXE,DBC,TIP,SLV",4,1,0.15,9.888319672909663,0.6768834564037616,-34.7574388273838,8.777858427848262,0.6123474956027384,-35.56530248007399,5.111586819567782,0.5399933513896966,-32.47006904871349,5067
plan_b-E-c20-300,"SPY,EFA,IYR,EEM,TLT,IEF,USO,GLD,UUP,FXE,DBC,TIP,SLV",4,1,0.15,9.889802754024268,0.6840037811320223,-28.529851418502584,8.778325969295597,0.6185231990417633,-29.414875713680356,5.183054651563435,0.5479411594619698,-32.051665814410114,5067
plan_b-E-c20-200,"SPY,EFA,IYR,EEM,TLT,IEF,USO,GLD,UUP,FXE,DBC,TIP,SLV",4,1,0.15,9.668702296385035,0.6620327458642981,-28.529826630849264,8.594389829111737,0.5997574880509935,-29.414851232975824,5.07867310800818,0.5442478575294999,-31.059779152043188,5067
plan_b-E-c30-300,"SPY,EFA,IYR,EEM,TLT,IEF,USO,GLD,UUP,FXE,DBC,TIP,SLV",4,1,0.15,8.592626522524927,0.6068400040763501,-31.218946473111465,7.499672866176876,0.5418392425626758,-32.07064680599792,5.183054417269717,0.5479409114505935,-32.05165794634267,5067
plan_b-D-mom21-63-126-189,"SPY,EFA,IYR,EEM,TLT,IEF,USO,GLD,UUP,FXE,DBC,TIP,SLV",4,1,0.15,10.943426484383,0.7311559383928462,-25.96864997497518,9.688910425425924,0.6596245387713291,-26.841356332122267,5.078672546879726,0.5442479484246617,-31.059785804222926,5067
plan_b-E-c10-200,"SPY,EFA,IYR,EEM,TLT,IEF,USO,GLD,UUP,FXE,DBC,TIP,SLV",4,1,0.15,10.129580272247729,0.6879618519139702,-31.44978526104549,9.050737994521452,0.6257187070489105,-32.298630274807124,5.078673106501785,0.5442479840221708,-31.059776764238155,5067
plan_b-E-c20-250,"SPY,EFA,IYR,EEM,TLT,IEF,USO,GLD,UUP,FXE,DBC,TIP,SLV",4,1,0.15,10.034624779059387,0.686023875815222,-28.52977082969711,8.931761465439948,0.6219179832181972,-29.414796122816757,5.111586892411002,0.5399934394527683,-32.47006256984349,5067
plan_b-E-c30-250,"SPY,EFA,IYR,EEM,TLT,IEF,USO,GLD,UUP,FXE,DBC,TIP,SLV",4,1,0.15,8.822846755018876,0.6139138198368095,-31.21895944015106,7.744682424728566,0.5507938725203582,-32.07065961246961,5.111586178207417,0.539993160491254,-32.47006906215108,5067
plan_b-F1-n2-sw0-m5,"SPY,EFA,IYR,EEM,TLT,IEF,USO,GLD,UUP,FXE,DBC,TIP,SLV",2,0,0.15,8.4779272187258,0.49276291575653475,-47.212327624193094,7.184776422327421,0.4358397818319438,-48.542729138694575,5.111586628499509,0.5399934296676617,-32.47006558290432,5067
plan_b-F1-n2-sw02-m252,"SPY,EFA,IYR,EEM,TLT,IEF,USO,GLD,UUP,FXE,DBC,TIP,SLV",2,1,0.15,9.907819666139073,0.5437433019136491,-45.34937259553736,8.415078574164546,0.4809798837174508,-47.067343037848744,5.111586606826424,0.5399933172904045,-32.470070250809414,5067
plan_b-F1-n2-sw0-m4,"SPY,EFA,IYR,EEM,TLT,IEF,USO,GLD,UUP,FXE,DBC,TIP,SLV",2,0,0.15,8.979373248098987,0.5144735712331383,-47.55419731118498,7.832865304465542,0.4642867642843034,-49.18192265893734,5.111586655079381,0.539993326031014,-32.47006571181254,5067
plan_b-F1-n2-sw0-m252,"SPY,EFA,IYR,EEM,TLT,IEF,USO,GLD,UUP,FXE,DBC,TIP,SLV",2,0,0.15,9.736677260104077,0.5451573540483976,-44.199472681599126,8.47373873824655,0.49061108656944835,-45.60580682578858,5.111586423974024,0.5399933477369875,-32.47007486734299,5067
plan_b-F1-n2-sw03-m252,"SPY,EFA,IYR,EEM,TLT,IEF,USO,GLD,UUP,FXE,DBC,TIP,SLV",2,1,0.15,9.886867774853947,0.5326543817649068,-45.94436613807924,8.280660732038768,0.46722135866969383,-48.03727224023188,5.111586819567782,0.5399933513896966,-32.47006904871349,5067
plan_b-F1-n2-sw02-m5,"SPY,EFA,IYR,EEM,TLT,IEF,USO,GLD,UUP,FXE,DBC,TIP,SLV",2,1,0.15,8.8056435926392,0.4991755144723293,-48.25743047527734,7.279560578789401,0.43392549966517274,-49.71281697878916,5.111586318501349,0.5399931272320927,-32.47008285950783,5067
plan_b-F1-n2-sw03-m4,"SPY,EFA,IYR,EEM,TLT,IEF,USO,GLD,UUP,FXE,DBC,TIP,SLV",2,1,0.15,9.161135701952116,0.504891753624255,-49.15483889146739,7.689298423737534,0.44415779611040385,-51.06481075912931,5.111586376512878,0.5399933500323033,-32.47008132475877,5067
plan_b-F1-n2-sw02-m4,"SPY,EFA,IYR,EEM,TLT,IEF,USO,GLD,UUP,FXE,DBC,TIP,SLV",2,1,0.15,9.169683949708052,0.5146080435913997,-48.60636133147215,7.805459394393632,0.4564981955548701,-50.42533208320887,5.111586419437875,0.5399931883962039,-32.47008011602611,5067
plan_b-F1-n2-sw04-m4,"SPY,EFA,IYR,EEM,TLT,IEF,USO,GLD,UUP,FXE,DBC,TIP,SLV",2,1,0.15,9.259695309015935,0.4974950306182275,-48.23486216392436,7.678800661593432,0.4349408424781542,-50.291553894013916,5.111586895505726,0.5399935037897026,-32.470069735050714,5067
plan_b-F1-n2-sw04-m5,"SPY,EFA,IYR,EEM,TLT,IEF,USO,GLD,UUP,FXE,DBC,TIP,SLV",2,1,0.15,8.856199237375439,0.4812527243282122,-49.835157953069256,7.100668906061691,0.4116024748853467,-51.539538868584664,5.111586201506757,0.5399933422014298,-32.47006502716863,5067
plan_b-F1-n2-sw03-m5,"SPY,EFA,IYR,EEM,TLT,IEF,USO,GLD,UUP,FXE,DBC,TIP,SLV",2,1,0.15,8.865535560239834,0.492654893852409,-48.87504693095441,7.224184399886324,0.4247375784658293,-50.580975262151895,5.111586529481316,0.5399932043797567,-32.47007237067411,5067
plan_b-F1-n3-sw0-m4,"SPY,EFA,IYR,EEM,TLT,IEF,USO,GLD,UUP,FXE,DBC,TIP,SLV",3,0,0.15,10.184245002030924,0.6463066014810388,-37.33305513309399,9.30105170248423,0.5998185614738899,-37.89493134213387,5.111586178207417,0.539993160491254,-32.47006906215108,5067
plan_b-F1-n3-sw0-m252,"SPY,EFA,IYR,EEM,TLT,IEF,USO,GLD,UUP,FXE,DBC,TIP,SLV",3,0,0.15,11.68238442472771,0.7253690799942507,-32.298936360561214,10.682640296140722,0.6733368662165574,-32.569402245202895,5.111586892411002,0.5399934394527683,-32.47006256984349,5067
plan_b-F1-n3-sw0-m5,"SPY,EFA,IYR,EEM,TLT,IEF,USO,GLD,UUP,FXE,DBC,TIP,SLV",3,0,0.15,10.606101190138562,0.670642087937334,-37.9096864652161,9.579535596181898,0.6165064177861684,-38.46639255741711,5.111586628499509,0.5399934296676617,-32.47006558290432,5067
plan_b-F1-n3-sw02-m5,"SPY,EFA,IYR,EEM,TLT,IEF,USO,GLD,UUP,FXE,DBC,TIP,SLV",3,1,0.15,10.961267244178096,0.6721379338119549,-39.95401633165039,9.697282489693059,0.6078172181085504,-40.652965205644854,5.111586423974024,0.5399933477369875,-32.47007486734299,5067
plan_b-F1-n2-sw04-m252,"SPY,EFA,IYR,EEM,TLT,IEF,USO,GLD,UUP,FXE,DBC,TIP,SLV",2,1,0.15,9.972358642686352,0.5236085202185271,-45.37710567192244,8.251166708850333,0.4563653861835167,-47.77237227366147,5.111587015047037,0.539993262071889,-32.47006900998953,5067
plan_b-F1-n3-sw02-m252,"SPY,EFA,IYR,EEM,TLT,IEF,USO,GLD,UUP,FXE,DBC,TIP,SLV",3,1,0.15,11.857397816349579,0.7133193521938482,-33.320771944641535,10.623675694614331,0.6515578590578306,-34.03771138375672,5.111586606826424,0.5399933172904045,-32.470070250809414,5067
plan_b-F1-n3-sw02-m4,"SPY,EFA,IYR,EEM,TLT,IEF,USO,GLD,UUP,FXE,DBC,TIP,SLV",3,1,0.15,10.396775055786446,0.6417975376598816,-39.39628854164868,9.29322699871651,0.5856155653016123,-40.101729493664074,5.111586655079381,0.539993326031014,-32.47006571181254,5067
plan_b-F1-n3-sw03-m5,"SPY,EFA,IYR,EEM,TLT,IEF,USO,GLD,UUP,FXE,DBC,TIP,SLV",3,1,0.15,11.03258655173034,0.6542987565675347,-41.23665697458204,9.650803721337176,0.5870650758876792,-41.999109308495655,5.111586376512878,0.5399933500323033,-32.47008132475877,5067
plan_b-F1-n3-sw03-m4,"SPY,EFA,IYR,EEM,TLT,IEF,USO,GLD,UUP,FXE,DBC,TIP,SLV",3,1,0.15,10.397878024202267,0.6222424746812141,-40.690824636314545,9.185123241459614,0.5631173653238041,-41.460359125851355,5.111586318501349,0.5399931272320927,-32.47008285950783,5067
plan_b-F1-n3-sw04-m252,"SPY,EFA,IYR,EEM,TLT,IEF,USO,GLD,UUP,FXE,DBC,TIP,SLV",3,1,0.15,11.743815272883463,0.6557995469619924,-36.52871294289379,10.2758880467962,0.5895589627087426,-37.3242237413435,5.111586419437875,0.5399931883962039,-32.47008011602611,5067
plan_b-F1-n3-sw03-m252,"SPY,EFA,IYR,EEM,TLT,IEF,USO,GLD,UUP,FXE,DBC,TIP,SLV",3,1,0.15,11.836554100320384,0.6883087790648844,-34.86401159295796,10.48702495164273,0.6237811567022264,-35.62239416900147,5.111586819567782,0.5399933513896966,-32.47006904871349,5067
plan_b-F1-n4-sw02-m4,"SPY,EFA,IYR,EEM,TLT,IEF,USO,GLD,UUP,FXE,DBC,TIP,SLV",4,1,0.15,10.018974362059074,0.6831972929432301,-31.71347682710277,9.061456497457954,0.6277577059050069,-32.457750833937205,5.111586423974024,0.5399933477369875,-32.47007486734299,5067
plan_b-F1-n3-sw04-m5,"SPY,EFA,IYR,EEM,TLT,IEF,USO,GLD,UUP,FXE,DBC,TIP,SLV",3,1,0.15,11.033169016258793,0.6284954994526404,-42.74179698755578,9.53084612459978,0.5594697913527394,-43.56105569218669,5.111586201506757,0.5399933422014298,-32.47006502716863,5067
plan_b-F1-n4-sw0-m5,"SPY,EFA,IYR,EEM,TLT,IEF,USO,GLD,UUP,FXE,DBC,TIP,SLV",4,0,0.15,9.825737377221566,0.6958127574238322,-29.118461534391717,8.969684592146287,0.6439319920073191,-29.8067320637324,5.111586892411002,0.5399934394527683,-32.47006256984349,5067
plan_b-F1-n4-sw0-m252,"SPY,EFA,IYR,EEM,TLT,IEF,USO,GLD,UUP,FXE,DBC,TIP,SLV",4,0,0.15,10.140435636908695,0.7169622405068683,-27.43598386882924,9.28645051950252,0.6651677574974894,-27.762073135247412,5.111586529481316,0.5399932043797567,-32.47007237067411,5067
plan_b-F1-n4-sw02-m5,"SPY,EFA,IYR,EEM,TLT,IEF,USO,GLD,UUP,FXE,DBC,TIP,SLV",4,1,0.15,10.26990251249913,0.6992211801654209,-31.449781414914955,9.177397344907167,0.6358871020999853,-32.29862647630258,5.111587015047037,0.539993262071889,-32.47006900998953,5067
plan_b-F1-n4-sw03-m4,"SPY,EFA,IYR,EEM,TLT,IEF,USO,GLD,UUP,FXE,DBC,TIP,SLV",4,1,0.15,10.02066046194261,0.655238189137653,-33.2941489108652,8.951454080759591,0.5966379121808716,-34.137163212985,5.111586655079381,0.539993326031014,-32.47006571181254,5067
plan_b-F1-n3-sw04-m4,"SPY,EFA,IYR,EEM,TLT,IEF,USO,GLD,UUP,FXE,DBC,TIP,SLV",3,1,0.15,10.506492746388151,0.6038593403260857,-42.20998104180769,9.17969458000747,0.542731228972008,-43.036849046414794,5.111586895505726,0.5399935037897026,-32.470069735050714,5067
plan_b-F1-n4-sw0-m4,"SPY,EFA,IYR,EEM,TLT,IEF,USO,GLD,UUP,FXE,DBC,TIP,SLV",4,0,0.15,9.806271508752996,0.6933503766459621,-29.380125493473642,9.068343693156544,0.6487795967986523,-29.960835876781566,5.111586178207417,0.539993160491254,-32.47006906215108,5067
plan_b-F1-n4-sw03-m252,"SPY,EFA,IYR,EEM,TLT,IEF,USO,GLD,UUP,FXE,DBC,TIP,SLV",4,1,0.15,10.30880718296383,0.6709745260314147,-28.46003493216124,9.115861257077107,0.6057966103313434,-28.813594671759013,5.111586606826424,0.5399933172904045,-32.470070250809414,5067
plan_b-F1-n4-sw02-m252,"SPY,EFA,IYR,EEM,TLT,IEF,USO,GLD,UUP,FXE,DBC,TIP,SLV",4,1,0.15,10.323948455778575,0.7021053117330042,-27.857809887716932,9.246346927764604,0.6397502097684287,-28.203565116144567,5.111586628499509,0.5399934296676617,-32.47006558290432,5067
plan_b-F1-n4-sw04-m5,"SPY,EFA,IYR,EEM,TLT,IEF,USO,GLD,UUP,FXE,DBC,TIP,SLV",4,1,0.15,10.258851927691715,0.6356402781986045,-35.87124293220757,8.925724562407812,0.5674848170896811,-36.95950198611161,5.111586819567782,0.5399933513896966,-32.47006904871349,5067
plan_b-F1-n4-sw03-m5,"SPY,EFA,IYR,EEM,TLT,IEF,USO,GLD,UUP,FXE,DBC,TIP,SLV",4,1,0.15,10.255904772712498,0.6693234753238327,-33.031415778286984,9.044483036915896,0.6028720465127745,-33.976929787259856,5.111586376512878,0.5399933500323033,-32.47008132475877,5067
plan_b-F1-n4-sw04-m4,"SPY,EFA,IYR,EEM,TLT,IEF,USO,GLD,UUP,FXE,DBC,TIP,SLV",4,1,0.15,9.95283019705333,0.6191443184878542,-36.127856259544714,8.770052510362337,0.5586527411038751,-37.11741551801884,5.111586419437875,0.5399931883962039,-32.47008011602611,5067
plan_b-F1-n4-sw04-m252,"SPY,EFA,IYR,EEM,TLT,IEF,USO,GLD,UUP,FXE,DBC,TIP,SLV",4,1,0.15,10.222708934716485,0.6318599673049741,-29.768693483252495,8.910853685187936,0.5651223382785302,-30.721603140217713,5.111586318501349,0.5399931272320927,-32.47008285950783,5067
plan_b-F1-n5-sw0-m252,"SPY,EFA,IYR,EEM,TLT,IEF,USO,GLD,UUP,FXE,DBC,TIP,SLV",5,0,0.15,8.929712543262669,0.6994316424434981,-24.986727209802385,8.170717827470453,0.6475399652243025,-25.25647803650396,5.111586423974024,0.5399933477369875,-32.47007486734299,5067
plan_b-F1-n5-sw0-m5,"SPY,EFA,IYR,EEM,TLT,IEF,USO,GLD,UUP,FXE,DBC,TIP,SLV",5,0,0.15,8.48088194024179,0.6734237567295658,-24.986735650090065,7.699914201429681,0.6194041664005963,-25.256486446440142,5.111586892411002,0.5399934394527683,-32.47006256984349,5067
plan_b-F1-n5-sw0-m4,"SPY,EFA,IYR,EEM,TLT,IEF,USO,GLD,UUP,FXE,DBC,TIP,SLV",5,0,0.15,8.722141526541005,0.6877824460309898,-25.173360522295685,8.05452124343251,0.6419247436113573,-25.57659013408117,5.111586201506757,0.5399933422014298,-32.47006502716863,5067
plan_b-F1-n5-sw02-m252,"SPY,EFA,IYR,EEM,TLT,IEF,USO,GLD,UUP,FXE,DBC,TIP,SLV",5,1,0.15,9.13193961575558,0.6867089950499902,-25.252507552012492,8.162398783573588,0.6235595215614603,-25.54365964505546,5.111586529481316,0.5399932043797567,-32.47007237067411,5067
plan_b-F1-n5-sw02-m4,"SPY,EFA,IYR,EEM,TLT,IEF,USO,GLD,UUP,FXE,DBC,TIP,SLV",5,1,0.15,9.025947228451514,0.6808552393562449,-27.72545132175418,8.140163465697704,0.6230335281732777,-28.30884318167114,5.111587015047037,0.539993262071889,-32.47006900998953,5067
plan_b-F1-n5-sw03-m252,"SPY,EFA,IYR,EEM,TLT,IEF,USO,GLD,UUP,FXE,DBC,TIP,SLV",5,1,0.15,9.256725573250545,0.659776146662891,-27.045428813862003,8.167093792770054,0.5934403749038643,-27.775388620344742,5.111586895505726,0.5399935037897026,-32.470069735050714,5067
plan_b-F1-n5-sw03-m4,"SPY,EFA,IYR,EEM,TLT,IEF,USO,GLD,UUP,FXE,DBC,TIP,SLV",5,1,0.15,8.945331020867876,0.6414824663852232,-29.801837582787616,7.9468681495421745,0.5804516341655133,-30.571470529565214,5.111586178207417,0.539993160491254,-32.47006906215108,5067
plan_b-F1-n5-sw02-m5,"SPY,EFA,IYR,EEM,TLT,IEF,USO,GLD,UUP,FXE,DBC,TIP,SLV",5,1,0.15,8.837224009177746,0.6700318695950175,-25.799725709136677,7.837977427277121,0.6045040863974858,-26.53117071832395,5.111586655079381,0.539993326031014,-32.47006571181254,5067
plan_b-F1-n5-sw03-m5,"SPY,EFA,IYR,EEM,TLT,IEF,USO,GLD,UUP,FXE,DBC,TIP,SLV",5,1,0.15,8.911355490867457,0.6402909455914572,-27.92679718655191,7.791056540561714,0.5716852885361352,-28.845343105472885,5.111586606826424,0.5399933172904045,-32.470070250809414,5067
plan_b-F1-n5-sw04-m252,"SPY,EFA,IYR,EEM,TLT,IEF,USO,GLD,UUP,FXE,DBC,TIP,SLV",5,1,0.15,9.052189998944682,0.6083008602976293,-29.32610706531885,7.845943339644368,0.5406235791060989,-30.12773060446695,5.111586628499509,0.5399934296676617,-32.47006558290432,5067
plan_b-F1-n5-sw04-m4,"SPY,EFA,IYR,EEM,TLT,IEF,USO,GLD,UUP,FXE,DBC,TIP,SLV",5,1,0.15,8.88189366749208,0.5994573420781153,-32.81036525705676,7.770841870099088,0.5369160156748268,-33.692085797916825,5.111586819567782,0.5399933513896966,-32.47006904871349,5067
plan_b-F1-n5-sw04-m5,"SPY,EFA,IYR,EEM,TLT,IEF,USO,GLD,UUP,FXE,DBC,TIP,SLV",5,1,0.15,8.916240055906721,0.6017240668498149,-31.011279919322643,7.675624269905357,0.5318802005270847,-32.03923329202208,5.111586376512878,0.5399933500323033,-32.47008132475877,5067
plan_b-F2-n3-ct10,"SPY,EFA,IYR,EEM,TLT,IEF,USO,GLD,UUP,FXE,DBC,TIP,SLV",3,1,0.15,10.961262946750905,0.6721377125377244,-39.95402478763047,9.697278241218843,0.6078169958272701,-40.65297356319545,5.111586318501349,0.5399931272320927,-32.47008285950783,5067
plan_b-F2-n3-ct12,"SPY,EFA,IYR,EEM,TLT,IEF,USO,GLD,UUP,FXE,DBC,TIP,SLV",3,1,0.15,10.879813362175096,0.6693323080305555,-39.95401633165039,9.649638203035792,0.6065370400115102,-40.652965205644854,5.111586423974024,0.5399933477369875,-32.47007486734299,5067
plan_b-F2-n5-ct08,"SPY,EFA,IYR,EEM,TLT,IEF,USO,GLD,UUP,FXE,DBC,TIP,SLV",5,1,0.15,8.622707250093487,0.6533470022494631,-28.554995956893702,7.594971220751323,0.5861497859443211,-29.259261145284555,5.111587015047037,0.539993262071889,-32.47006900998953,5067
plan_b-F2-n3-ct08,"SPY,EFA,IYR,EEM,TLT,IEF,USO,GLD,UUP,FXE,DBC,TIP,SLV",3,1,0.15,10.739441606719001,0.6589076776379386,-42.20675820729828,9.4469913540562,0.5932558620238204,-42.879489774573734,5.111586419437875,0.5399931883962039,-32.47008011602611,5067
plan_b-F2-n5-ct10,"SPY,EFA,IYR,EEM,TLT,IEF,USO,GLD,UUP,FXE,DBC,TIP,SLV",5,1,0.15,8.923099871791118,0.6756682631486152,-25.799743779254,7.923065394479956,0.6101399919837461,-26.53118861031103,5.111586895505726,0.5399935037897026,-32.470069735050714,5067
plan_b-F2-n4-ct12,"SPY,EFA,IYR,EEM,TLT,IEF,USO,GLD,UUP,FXE,DBC,TIP,SLV",4,1,0.15,10.101134628272735,0.6911094265117063,-31.449776303890186,9.042993074975714,0.6294923009999431,-32.2986214285667,5.111586529481316,0.5399932043797567,-32.47007237067411,5067
plan_b-F2-n5-ct12,"SPY,EFA,IYR,EEM,TLT,IEF,USO,GLD,UUP,FXE,DBC,TIP,SLV",5,1,0.15,8.759755045653495,0.6678112071887683,-25.799719558602895,7.793540161620638,0.6040691220996346,-26.5311646284203,5.111586178207417,0.539993160491254,-32.47006906215108,5067
plan_b-F2-n4-ct08,"SPY,EFA,IYR,EEM,TLT,IEF,USO,GLD,UUP,FXE,DBC,TIP,SLV",4,1,0.15,9.961774469390372,0.6784350270451959,-34.028977458694285,8.841496109599213,0.6136432821951278,-34.8458612579202,5.111586892411002,0.5399934394527683,-32.47006256984349,5067
plan_b-F2-n4-ct10,"SPY,EFA,IYR,EEM,TLT,IEF,USO,GLD,UUP,FXE,DBC,TIP,SLV",4,1,0.15,10.182775814818278,0.6941281347400349,-31.449785261045438,9.091133314078647,0.6307973833238342,-32.29863027480714,5.111586201506757,0.5399933422014298,-32.47006502716863,5067
